{"Iteration": 224, "Average Episodic Length": 200.0, "Average Episodic Return": 78.86, "Average Actor Loss": -0.00113, "Timesteps So Far": 492800, "Iteration Time (s)": 37.07, "_timestamp": 1715642107.469219, "_runtime": 8818.62879705429, "_step": 223}