{"Iteration": 47, "Average Episodic Length": 200.0, "Average Episodic Return": -76.78, "Average Actor Loss": -0.00114, "Timesteps So Far": 103400, "Iteration Time (s)": 42.63, "_timestamp": 1715624370.703087, "_runtime": 1974.9118649959564, "_step": 46, "_wandb": {"runtime": 1980}}