{"Average Reward": -231.86419375073984, "Average Length": 8269.11, "Average Success": 1.0, "Epsilon": 0.671465884804717, "Advantages": 0.0, "_timestamp": 1715294067.5477839, "Critic Loss": {"value": 4.946407683606932}, "Actor Loss": {"value": -0.008984544314444065}, "Episode Reward": {"value": -231.86419375073984}, "Episode Length": {"value": 8269.11}, "_runtime": 303.1879348754883, "_step": 116, "_wandb": {"runtime": 304}}