{"Episode": 112, "Batch Reward": NaN, "Avarage Reward": 620.864717451984, "Epsilon": 0.38584455378976024, "Goal Position": 0.8685512263966061, "Target Distance": 0.2570571937215245, "Critic Loss": {"value": 1.9203064876236146e-08, "x": 112}, "Actor Loss": {"value": -0.0021338181104511023, "x": 112}, "_timestamp": 1714879030.5586371, "_runtime": 512.4668130874634, "_step": 112, "_wandb": {"runtime": 511}}