{"Iteration": 2232, "Average Episodic Length": 200.0, "Average Episodic Return": 168.92, "Average Actor Loss": -0.00081, "Timesteps So Far": 4826144, "Iteration Time (s)": 46.65, "_timestamp": 1715642123.946271, "_runtime": 113022.06574082375, "_step": 2231}