{"Iteration": 3698, "Average Episodic Length": 177.17, "Average Episodic Return": 151.9, "Average Actor Loss": -0.00109, "Timesteps So Far": 8020841, "Iteration Time (s)": 45.17, "_timestamp": 1715713668.711187, "_runtime": 184566.8306567669, "_step": 3697, "_wandb": {"runtime": 184574}}