{"Average Reward": -208.06341255225954, "Average Length": 3584.9733333333334, "Average Success": 1.0, "Epsilon": 1.282723881692348, "Advantages": 0.0, "_timestamp": 1715294264.423883, "Critic Loss": {"value": 28.737611348930006}, "Actor Loss": {"value": -0.008695362135767937}, "Episode Reward": {"value": -208.06341255225954}, "Episode Length": {"value": 3584.9733333333334}, "_runtime": 157.20635890960693, "_step": 74, "_wandb": {"runtime": 156}}