{"Episode": 23, "Batch Reward": 0.002779131924313375, "Avarage Reward": 136.5260288360251, "Epsilon": 0.8754475405857844, "Goal Position": 0.8685512263966061, "Target Distance": 0.25704465522500003, "Critic Loss": {"value": 1.9825272471895482e-07, "x": 23}, "Actor Loss": {"value": 0.011443291286692322, "x": 23}, "_timestamp": 1714878492.0831912, "_runtime": 101.75908517837524, "_step": 23, "_wandb": {"runtime": 103}}