{"Episode": 20, "Batch Reward": 0.012497930175421668, "Avarage Reward": 124.55079196936165, "Epsilon": 0.1, "Goal Position": 0.8685512263966061, "Target Distance": 0.2570514261189327, "Critic Loss": {"value": 2.654685796695943e-06, "x": 20}, "Actor Loss": {"value": -0.26889141962887075, "x": 20}, "_timestamp": 1714871317.627684, "_runtime": 87.36972212791443, "_step": 20, "_wandb": {"runtime": 86}}