{"Iteration": 1019, "Average Episodic Length": 200.0, "Average Episodic Return": 174.99, "Average Actor Loss": -0.00112, "Timesteps So Far": 2241800, "Iteration Time (s)": 36.68, "_timestamp": 1715642134.657048, "_runtime": 41205.69974708557, "_step": 1018}