{"Iteration": 2809, "Average Episodic Length": 200.0, "Average Episodic Return": 202.89, "Average Actor Loss": -0.00216, "Timesteps So Far": 6179800, "Iteration Time (s)": 33.59, "_timestamp": 1715717962.610008, "_runtime": 117033.65270709991, "_step": 2808, "_wandb": {"runtime": 117037}}