{"Iteration": 1374, "Average Episodic Length": 200.0, "Average Episodic Return": 1427.0, "Average Actor Loss": -0.00727, "Timesteps So Far": 3022800, "Iteration Time (s)": 61.06, "_timestamp": 1715814034.9021509, "_runtime": 76250.37069797516, "_step": 1373}