{"Iteration": 1360, "Average Episodic Length": 200.0, "Average Episodic Return": 1112.83, "Average Actor Loss": -0.00676, "Timesteps So Far": 2992000, "Iteration Time (s)": 96.34, "_timestamp": 1715812996.5932422, "_runtime": 75212.06178927422, "_step": 1359}