{"Iteration": 1319, "Average Episodic Length": 200.0, "Average Episodic Return": 1406.41, "Average Actor Loss": -0.00943, "Timesteps So Far": 2901800, "Iteration Time (s)": 80.66, "_timestamp": 1715810056.840084, "_runtime": 72272.30863118172, "_step": 1318}