{"Iteration": 1313, "Average Episodic Length": 200.0, "Average Episodic Return": 1122.54, "Average Actor Loss": -0.00975, "Timesteps So Far": 2888600, "Iteration Time (s)": 49.59, "_timestamp": 1715809557.978824, "_runtime": 71773.44737100601, "_step": 1312}