{"Episode": 20, "Batch Reward": 0.012497930175421668, "Avarage Reward": 124.55079196936165, "Epsilon": 0.1, "Goal Position": 0.8685512263966061, "Target Distance": 0.2570514261189327, "Critic Loss": {"value": 2.03871837058651e-06, "x": 20}, "Actor Loss": {"value": -0.0008089292095974088, "x": 20}, "_timestamp": 1714871702.384745, "_runtime": 85.02571988105774, "_step": 20, "_wandb": {"runtime": 84}}