{"Iteration": 169, "Average Episodic Length": 200.0, "Average Episodic Return": 91.27, "Average Actor Loss": -1e-05, "Timesteps So Far": 371800, "Iteration Time (s)": 40.74, "_timestamp": 1715653442.747383, "_runtime": 6586.224937200546, "_step": 168, "_wandb": {"runtime": 6589}}