{"Iteration": 3613, "Average Episodic Length": 200.0, "Average Episodic Return": 187.44, "Average Actor Loss": -0.00255, "Timesteps So Far": 7889385, "Iteration Time (s)": 46.63, "_timestamp": 1715642094.290316, "_runtime": 180436.43938803673, "_step": 3612}