{"Iteration": 166, "Average Episodic Length": 108.3, "Average Episodic Return": -185.27, "Average Actor Loss": 0.00342, "Timesteps So Far": 349080, "Iteration Time (s)": 52.86, "_timestamp": 1715550386.520437, "_runtime": 14245.46998500824, "_step": 165, "_wandb": {"runtime": 14264}}