{"Iteration": 2250, "Average Episodic Length": 200.0, "Average Episodic Return": 1463.86, "Average Actor Loss": -0.00771, "Timesteps So Far": 4950000, "Iteration Time (s)": 87.78, "_timestamp": 1715813052.9868438, "_runtime": 112189.51991391182, "_step": 2249}