{"Iteration": 2203, "Average Episodic Length": 200.0, "Average Episodic Return": 1428.64, "Average Actor Loss": -0.00945, "Timesteps So Far": 4846600, "Iteration Time (s)": 45.2, "_timestamp": 1715809577.2262578, "_runtime": 108713.75932788849, "_step": 2202}