{"Iteration": 2274, "Average Episodic Length": 200.0, "Average Episodic Return": 1470.22, "Average Actor Loss": -0.00677, "Timesteps So Far": 5002800, "Iteration Time (s)": 67.08, "_timestamp": 1715814923.8759959, "_runtime": 114060.40906596184, "_step": 2273}